,MSE,RMSE,R^2,MAE,MedAE,MaxErr
0,0.03730958278221255,0.193156886447811,0.9842037813526158,0.08899775986168473,0.05299367817823675,2.3616988936673127
